CiudadOrigen,CiudadDestino,Distancia
0,0,0.000000000000000000e+00
0,1,4.726653149957165624e+03
0,2,1.204349201851356838e+03
1,0,4.726653149957165624e+03
1,1,0.000000000000000000e+00
1,2,3.587423169909008720e+03
2,0,1.204349201851356838e+03
2,1,3.587423169909008720e+03
2,2,0.000000000000000000e+00
