CiudadOrigen,CiudadDestino,Distancia
0,1,4.726653149957165624e+03
0,2,1.204349201851356838e+03
0,3,6.362502102160752656e+03
0,4,3.656991249647720906e+03
0,5,3.129520889848795832e+03
0,6,2.413522322250200432e+03
0,7,5.623041881401916271e+02
0,8,4.620822437618654135e+02
0,9,5.653503338638794958e+03
0,10,1.712356563336036061e+03